English,Sanskrit,Pali,Hindi,Urdu,Nepali,Bhojpuri,Punjabi,Saraiki,Sindhi,Gujarati,Marathi,Konkani,Assamese,Bengali,Odia,Kashmiri,Sinhalese,Dhivehi,Romani
I ,aham,aham,mai,mai,ma,ham,mai,mai,au,hu,mi,hav,moi,ami,mu,bu,mama,aharen,me
you ,tvam,tvam,tu,tu,ta,te,tu,tu,tu,tu,tu,tu,toi,tumi,tu,cu,oya,kale,tu
he,sa,so,yah,yeh,u,uh,iha,o,hi,te,ha,vho,xi,se,se,huh,eya,ena,ov
we ,vayam,amhe,ham,ham,hami,hamni,asi,assa,asi,ame,amhi,amhi,ami,amra,ame,as',api,aharemen,amen
you ,yuyam,tumhe,tum,tum,timiharu,tuhni,tusi,tussa,tavhi,tame,tumhi,tumhi,tohot,tomra,tumemane,toh',oyala,kalemen,tumen
they ,te,te,ye,yeh,yiniharu,uhni,iha,o,hi,teo,he,tanhi,xihot,tara,semane,hum,eyala,e mihun,on
this,idam,ayam,yah,yeh,yo,ih,iha,e,hi,a,ha,vho,ei,e,eha,yi,me,mi,kado
that,tat,asu,vah,voh,tyo,uh,uha,o,hu,pelu,to,to,xei,o,taha,ti,e,'thiey,kodo
here,atra,idha,yaha,yaha,yaha,iha,itthe,itthe,hite,ahi,ithe,hanga,iat,ekhane,ethare,,mehe,mita,kathe
there,tatra,tattha,vaha,vaha,tyaha,uha,utthe,utthe,hute,tya,tithe,thai,tat,okhane,sethare,,ehe,mita,kothe
who,ka,ka,kaun,kaun,ko,kavan,kaun,kaun,ker,kon,kon,kon,kun,ke,kie,,kawuru,kaku,kon
what,kim,ka,kya,kya,ke,ka,ki,ki se,cha,su,kay,kide,ki,ki,kono,,monawa,koneccek,so
where,kutra,kattha,kaha,kaha,kaha,kaha,kitthe,kittha,kithe,kya,kuthe,khai,kot,kothay,keuthi,,kohe,kontaku,kaj
when,kada,karahi,kab,kab,kahile,kab,kado,kadda,kaha,kyare,kevha,kedna,ketia,kokhon,kebe,,kawada,koniraku,kana
how,katham,katham,kaisa,kaisa,kasari,kaise,kive,kive,kia,kevi rite,kase,kase,kene,kemon,kemiti,,kohoma,dekkun,sar
not,na,na,nahi,nahi,hoina,na,nahi,na,na,na,nahi,nu,nai,na,nuhe,,naehae,nun,na
all,sarva,sabba,sab,sab,sabai,kul,sara,sare,sabhu,badhu,sagle,sagle,atai,sbo,sobu,prth i,haema,huriha,sa
many,bahu,bahu,bahut,bahut,dherai,j'aade,kai,bahu,ghana,bahu,puskal,khub,bohut,onek,oneko,,godak,baivaru,but
some,kincid,eke,kuch,kuch,kehi,thori,kujh,kujh,kujhi,amuk,kahi,thode,olop,kichu,kichi,,aetaem,baek,unyi
few,alpa,appa,thora,thora,thorai,kam,thore,thora,thora,thodu,thode,macce,olop,kom,olpo,,tikak,madun,cerra
other,anya,anna,dusra,dusra,arko,dusar,duja,dujjha,biyo,biju,itar,dusre,an,onno,onyo,,aetaem,anet,aver
one,eka,eka,ek,ek,ek,ek,ikka,hik,hiku,eka,ek,ek,ek,ek,eko,akh,eka,ekek,jekh
two,dva,dve,do,do,dui,du,do,du,ba,be,don,don,dui,dui,dui,zu,deka,des,duj
three,tri,tayo,tin,tin,tin,tin,tinn,trae,te,tran,tin,tin,tini,tin,tini,tre,tuna,tinek,trin
four,catur,catur,car,car,car,car,car,car,car,car,car,car,sari,car,cari,cor,hatara,hatarek,star
five,pancan,panca,pac,panc,pac,pac,panj,paj,panja,pac,pac,pac,pas,pac,panco,panch,paha,fahek,panZ
big,mahat,mahant,bara,bara,thulo,bar,vadda,vadda,vao,motu,mothe,vhod,danor,bor,boro,bod,loku,bodu,baro
long,dirgha,digha,lamba,lamba,lamo,lam,lamma,lamba,digho,labu,lamba,lamba,dighol,lomba,lomba,zith,diga,digu,lungo
wide,uru,uru,caura,caura,cauda,caura,caura,,kusado,paholu,runda,runda,bohol,coora,couda,khol,pulul,fula,buxlo
thick,ghana,bahala,garha,garha,moto,garha,mota,mota,thulho,jadu,jad,dat,dath,mota,mota,mot,gana,bo,thulo
heavy,guru,garu,bhari,bhari,gahrungo,bhari,bhari,bara,garo,bhare,jad,jad,bhari,bhari,bhari,gob,bara,baru,pharo
small,alpa,khudda,chota,chota,sano,chot,chota,chota,nandho,nanu,lahan,dhakle,xoru,chot,choto,lokut,pumci,kuda,tikno
short,hrasva,,chota,chota,choto,chothan,chota,chota,nandho,tuku,butke,giddo,suti,bete,choto,cot,keti,kuru,skurto
narrow,amhu,,tang,tang,saghuro,patar,bhira,sora,tang,sakdu,nirunda,yedo,thek,cipa,onoosaria,,patuyi,hani,tang
thin,tanu,,patla,patla,patlo,patar,patla,patla,sanho,patalu,patal,barik,patol,patola,sorua,ton,sihin,tuni,sano
woman,stri,itthi,aurat,aurat,aimai,mehraru,aurat,ran,aurat,baidi,bai,bail,maiki manuh,mohila,nari,zanan,gaeni,anhen miha,Zuvli
man ,purusa,purisa,admi,admi,purus,marad,adami,jana,manhu,manas,purus,didlo,mota manuh,purus,puruso,mrud,pirimiya,firihen miha,murs
man ,manusya,jana,insan,insan,manche,insan,inasan,banda,manhu,manas,manus,manis,manuh,manus,manobo,insan,miniha,miha,manus
child,bala,balaka,bacca,bacca,bacca,bacca,bacca,bal,bari,balka,mul,bhurgo,lora-suali,bacca,sisu,sur,lamaya,kujja,chavo
wife,patni,dara,patni,bivi,svasni,mehraru,vahuti,zal,zal,patni,bayko,bail,ghoini,stri,potni,zananu,nona,ambi,rromni
husband,pati,pati,pati,sauhar,logne,marad,khavand,pae,mars,pati,navra,ghov,giri,sami,poti,khandar,mahattaya,firi,rrom
mother,matr,matar,mata,ma,ama,matari,ma,ma,mau,ma,ai,avai,ma,ma,ma,mai,mawa,manma,daj
father,pitr,pitar,pita,abbu,baba,pitar,pio,piu,piu,bap,vadil,bapui,deuta,baba,pita,mol,piya,bappa,dad
animal,pasu,mig,janvar,janvar,jantu,janavar,janvar,janvar,janvaru,prani,prani,janavar,ziw-zontu,jontu,posu,zuvzac,sata,janavaru,pedo
fish,matsya,maccha,machli,machli,macha,machri,macchi,macchi,machi,machli,masa,masoli,mas,mach,macho,gad,maluwa,mas,macho
bird,vi,pakkhin,ciriya,ciriya,cara,cirain,panchi,pakkhi,pakhi,pankhi,paksi,paksi,sorai,pakhi,corhei,parindu,kurulla,duni,ciriklo
dog,svan,kukkura,kutta,kutta,kukur,kukur,kutta,kutta,kuto,kutro,kutra,kutro,kukur,kukur,kukuro,hun,balla,balu,Zukel
louse,yuka,uka,ju,ju,jumra,likh,ju,ju,jua,ju,u,uv,ukoni,ukun,ukuni,,ukuna,ukunu,Zuv
snake,sarpa,sappa,sap,sanp,sarpa,saraph,sappa,nang,nangu,sap,sap,sorop,xap,sap,sapo,saruph,ukuna,nannugati,sap
worm,krmi,kimi,kira,kira,kira,kira,kira,kira,kiro,kido,ali,kido,pelu,krimi,krumi,kyom,krimiyawa,fani,kirmo
tree,vrksa,rukkha,per,daraxt,rukh,pher,rukkha,draxt,vanu,jhad,jhad,jhad,gos,gach,gocho,kul,gasa,gas,rukh
forest,vana,vana,jangal,jangal,van,jangal,jangal,jangal,jhangal,jangal,jangal,ran,habi,bon,jongolo,van,wana,valutere,ves
stick,danda,latthi,danda,danda,latthi,danda,soti,danda,lathi,lakdi,kathi,dando,bari,lathi,lathi,lor,kotuwa,dandigandu,kopal
fruit,phala,phala,phal,phal,phal,phal,phal,,meva,phal,phal,phal,phol,phol,pholo,phal,palaturu,mevaelun,frukto
seed,bija,bija,bij,bij,biu,biya,bij,bij,biju,bij,bi,bi,guti,bici,monji,,bija,osu,sumburo
leaf,pattra,patti,patta,patta,pat,pat,pata,patr,panu,paddu,pan,pan,pat,pata,potro,pan,kole,fat,patrin
root,mula,mula,jar,jar,jara,jar,jarh,par,para,mul,mul,mul,xipa,sikor,cero,,mula,mu,rikita
bark ,tvac,taca,chal,chal,,chal,chilla,chill,choo,chal,,,bakoli,chal,bokolo,,potu,tosi,korca
flower,puspa,puppha,phul,phul,phul,phul,phulla,phul,gulu,phul,phul,phul,phul,phul,phulo,,mal,ma,luludi
grass,trna,tina,ghas,ghas,ghas,ghas,ghah,ghah,gahu,ghas,gavat,tan,ghah,ghas,ghaso,,tanakola,vina,char
rope,rajju,rajju,rassi,rassi,dori,rassi,rassi,rassa,raso,dordu,dori,dori,rosi,dori,rosi,,kambaya,ronu,selo
skin,carman,camma,camri,jild,chala,camri,camri,khal,khala,camdi,tvaca,kat,sal,camra,comora,,ham,han,morthi
meat,mamsa,mamsa,mas,gost,masu,sikar,gosat,gost,gost,mas,mas,mas,monoh,manso,mamso,,mas,mas,mas
blood,rakta,lohita,xun,xun,ragat,kh'uun,ratta,ratt,ratu,lohi,rakta,ragat,tez,rokto,rokto,,le,le,rat
bone,asthi,atthi,haddi,haddi,had,haddi,haddi,haddi,hao,hadku,had,had,har,har,hado,,katu,kasi,kokalo
fat ,pivas,meda,carbi,carbi,cillo,carbi,carbi,mijh,carbi,carbi,carbi,vos,sorri,corbi,mota,,meda,sarubi,thulo
egg,anda,anda,anda,anda,phul,anda,anda,anda,ano,idu,ande,tati,koni,dim,onda,,bittaraya,bis,anro
horn,srnga,singa,sing,sing,sin,sing,sing,singh,sinu,sigdu,singa,singa,xin,sin,singo,,anga,dalu,sing
tail,puccha,puccha,puch,punch,pucchar,poch,puch,puch,puchu,puchdi,seput,sempdi,nez,lej,lanjo,,waligaya,nagu,pori
feather,parna,panna,pankh,par,pwakh,pakh,khumbh,khambh,khambhu,pichu,pis,pak,pakhi,por,poro,,pihatu,dunifat,por
hair,kesa,kesa,bal,bal,kapal,bar,val,val,vara,val,kes,kes,suli,cul,balo,,kes,istasi,bal
head,siras,sira,sir,sar,tauko,kapar,sir,sir,matho,mathu,doke,takli,mur,matha,mundo,,oluwa,saru,sero
ear,karna,kanna,kan,kan,kan,kan,kann,kann,kana,kan,kan,kan,kan,kan,kano,,kana,kanfat,kan
eye,aksi,akkhi,akh,akh,akha,akh,akkha,akkh,akhi,akha,dola,dolo,soku,cokh,akhi,,aesa,lo,jakh
nose,nasa,nasa,nak,nak,nak,nak,nakka,nakk,naku,nak,nak,nanka,nak,nak,nako,,nahaya,nefat,nakh
mouth,vaktra,mukha,muh,munh,mukh,muh,muh,muh,vatu,mo,tonda,tonda,mukh,mukh,pati,,kata,anga,muj
tooth,danta,danta,dat,dant,dat,dat,dand,dand,anda,dat,dat,danta,dat,dat,danto,,data,dat,dand
tongue ,jihva,jivha,jibh,zaban,jibro,jibh,jibh,jibbh,zabana,jibh,jibh,jibli,zibha,jibh,jibho,,diwa,du,chib
fingernail,nakha,nakha,naxun,naxun,nan,naakh'un,nangal,nau,nahun,nakh,nakh,nakhut,nokh,nokh,nokho,,niyapotu,mohoru,vundya
foot,pada,pada,pair,pair,pau,gor,pair,per,peru,pagno panjo,paul,pay,bhori,pa,pado,,paya,faitila,punro
leg,jangha,jangha,tang,tang,goda,tang,latta,jangh,tanga,pag,pay,pay,bhori,pa,godo,,kakula,fai,fujeri
knee,janu,janu,ghutna,ghutna,ghuda,thehuna,gode,goda,goo,ghutan,gudgha,dopor,athu,hatu,anthu,,dana hisa,kaku,chang
hand,hasta,hattha,hath,hath,hat,hath,hattha,hatth,hatha,hath,hat,hat,hat,hat,hato,,ata,at,vast
wing,paksa,pakkha,pankh,bazu,pakheta,pakh,pakkha,par,paru,pakh,pankha,pankha,deuka,pakha,dena,,piyapat,vara,phakh
belly,udara,udara,pet,pet,pet,pet,dhidda,dhidh,petu,pet,pot,pot,pet,pet,peto,,bada,bandu,per
guts,antra,antavatti,antri,andarun,anadra,antri,himmat,andr,ando,antarda,atde,net,nari,bhuri,onto,,pita,gohor,porr
neck,gala,giva,gardan,gardan,gardan,gardan,gardan,gicci,gici,galu,gala,galo,dini,gola,beko,,bella,karu,korr
back,prstha,pittha,pith,pith,an,pith,pittha,kandh,puthi,pith,path,pichade,pithi,pith,pithi,,passa,mihegge,dumo
breast,stana,thana,chati,sina,chati,chati,chati,sina,chati,chati,chati,chati,buku,buk,stono,,tane,kisfa,cuci
heart,hrdaya,hadaya,dil,dil,mutu,hiv,dil,dil,dil,haiyu,hruday,hadde,hia,hridoy,hrudoyo,,hadawata,hit,ilo
liver,yakrt,yakana,jigar,jigar,kalejo,jigar,kaleja,jigar,jigaru,yakrt,yakrut,yakrut,zokrit,kolija,jokruto,,akmawa,me,puko
to drink,pibati,pivati,pina,pina,piunu,pie,pina,pivan,pianu,pivu,pine,piyevce,khua,pan,piiba,,bonawa,buin,pijel
to eat,khadati,adeti,khana,khana,khanu,khae,khana,khavan,khainu,khavu,khane,khavce,kha,khaowa,khaiba,,kanawa,keun,xal
to bite,dasati,dasati,katna,katna,toknu,kate,cundna,pattan,cak hananu,backu bharvu,cavne,cavce,kamur,kamrano,kamuriba,,ridawanawa,daigatun,dindalel
to suck,dhayati,cusati,cusna,cusna,cusnu,cuse,cusna,cupan,cupanu,cusvu,cokhne,cokhce,suh,cosa,cucumiba,,uranawa,buin,chuchi pel
to spit,sthivati,otthubhati,thukna,thukna,thuknu,thuke,thukkana,thukk sattan,thukanu,thukvu,thunkne,thukce,thu pela,chep,chepo pokaiba,,kelagahanawa,kulujehun,shungardel
to vomit,vamati,vamati,ulti karna,ulti karna,vanta garnu,k'ii kre,ulati karna,ulti karan,okanu,ulati karvi,okne,vonkce,bomi kor,bomi,banti koriba,,wamane yanawa,hodulun,shandel
to blow,vati,dhamati,phukna,phukna,phuknu,phuke,phukna,phukan,phukanu,phukvu,phunkne,phuk marce,phu de,phu deowa,phunkiba,,tappulanawa,fumun,phurdel
to breathe,aniti,sasati,sas lena,sans lena,sas phernu,sas leve,sah laina,sah ghinnan,sahu khannu,svas levo,svas ghene,svas ghevce,uxah lo,ssas neowa,niswaso neba,,hamanawa,nevalun,sufla lel
to laugh,smayate,hasati,hasna,hasna,hasnu,hase,hassana,khillan,khilanu,hasvu,hasne,hasce,hah,hasa,hosiba,,hinawenawa,hunun,asal
to see,pasyati,dakkhati,dikhna,dikhna,hernu,dekhe,vekhna,dekhan,disanu,jovu,disne,pavce,dekh,dekha,dekhiba,,dakinawa,belun,dikhel
to hear,srnoti,sunati,sunna,sunna,sunnu,sune,sunna,sunan,budhanu,sabhalvu,aikne,aikce,xun,sona,suniba,,aehenawa,ivun,sunel
to know,janati,janati,janna,janna,cinnu,jane,janna,janan,jananu,janvu,mahit asne,jance,zan,jana,janiba,,dannawa,engun,Zanel
to think,manyate,cinteti,socna,socna,socnu,soce,socna,socan,socanu,vicarvu,vicar karne,citce,bhabo,bhaba,bhabiba,,hitanawa,visnun,gindil
to smell,jighrati,gandha,sunghna,sughna,sughnu,sunghe,sunghna,singhan,sunghanu,sunghvu,vas ghene,vas ghevce,xun,soka,sunghiba,,nidanawa,vasbelun,sungal
to fear,bibheti,dara,darna,darna,daraunu,dare,darna,daran,dijanu,darvu,ghabarne,bhivce,bhoy kha,bhoy kora,doriba,,taetigannawa,birugatun,daral
to sleep,svapiti,supati,sona,sona,sutnu,sute,sauna,sumhan,sumhanu,ughavu,jhopne,nhidunce,xu,ghumano,soiba,,nida gannawa,nidun,sovel
to live,jivati,jivati,jina,jina,bacnu,jie,jiuna,jivan,jianu,jivvu,jagne,jagce,ziai thak,baca,rohiba,,jiwat wenawa,dirihurun,zhuvel
to die,mriyate,marati,marna,marna,marnu,mare,marna,maran,maranu,marvu,marne,marce,mor,mora,morijiba,,maerenawa,maruvun,merel
to kill,hanti,mareti,marna,marna,marnu,mare,marna,maran,maranu,marvu,marne,marce,mar,mara,mariba,,maranawa,merun,mudarel
to fight,yudhyate,yodheti,larna,larna,ladnu,lare,larna,bhiran,virhanu,ladvu,ladhne,jhagadce,zuz,lora,juddho koriba,,satan karanna,talafolun,marel
to hunt,veti,migava,sikar karna,sikar karna,sikar garnu,sikar kare,tolna,sikar karan,sikaru karanu,sikar karvo,sikar karne,sikar karce,sikar kor,sikar kora,sikaro koriba,,dadayam karanawa,sikara ,mudarel
to hit,hanti,abhihanati,marna,marna,hannu,mare,jarna,takravan,maranu,marvu,marne,marap,pit,mara,pitiba,,gahanawa,jehun,chalavel
to cut,krntati,karati,katna,katna,katnu,kate,kattana,kappan,vadhanu,kapvu,kapne,katrap,kat,kata,katiba,,kapanawa,fotikurun,shinel
to split,bhinatti,bhindati,bantna,batna,badnu,bante,parna,ciran,ciranu,bhag karvo,vatne,bhesa javap,bhoga,bibhokto kora,phariba,,beda gannawa,baikurun,pharravel
to stab,vidhyati,churiyahanati,bhonkna,bhonkna,ghopnu,khobhe,khobhna,,hananu,bhonkvu,bhosakne,suri romap,khus,chora mara,proharo koriba,,pihiyakin aninawa,herun,pusavel
to scratch,likhati,likhati,kharoncna,khuracna,kotarnu,kharonce,gharundna,khanhan,khanahanu,khanvu,khajavne,karpunce,asur,khamcano,rampuriba,,suranawa,kehun,xarundel
to dig,khanati,khanati,khodna,khodna,khannu,khode,puttana,khattan,khotanu,khodvu,khodne,khanap,khando,khorano,kholiba,,kaninawa,konnun,hunavel
to swim,plavate,pilavati,tairna,tairna,paudinu,taire,tairna,taran,taranu,tarvu,pohne,phirap,xatur,satrano,pohoriba,,pihinanawa,fetun,plemel
to fly,patati,uddeti,urna,urna,udnu,ure,uddana,udan,uiranu,udavu,udne,udap,ur,ora,uriba,,igilenawa,uduhun,ural
to walk,eti,carati,calna,calna,hidnu,cale,turna,turan,halanu,calvu,calne,calap,khuz karh,hata,caliba,,aewidinawa,hingun,phirel
to come,agacchati,ayati,ana,ana,aunu,ave,auna,avan,acanu,avavu,yene,pavap,ah,asa,asiba,,enawa,aun,avel
to lie ,sete,seti,letna,letna,tersinu,lete,letna,letan,letanu,suvu,adve hone,,bagor,sowa,podi rohiba,,waetirenawa,osotun,pashlyol
to sit,sidati,nisidati,baithna,baithna,basnu,baithe,bahina,bahvan,vehanu,besvu,basne,basap,boh,bosa,bosiba,,indagannawa,isinun,besel
to stand,tisthati,titthati,khara hona,khara hona,uthnu,thar hove,kharhna,kharan,uthanu,ubhavu,ubhe rahne,sousap,thi ho,darano,thia heba,,sitinawa,kolahhurun,tordyol
to turn ,vartate,vattati,murna,murna,modnu,mure,murna,muran,varanu,valvu,valne,badlap,pak mar,ghora,oloteiba,,kaerakaewenawa,emburun,boldel
to fall,padyate,patati,girna,girna,khasnu,gire,diggana,dhavan,giranu,padvu,padne,padap,par,pora,poriba,,waetenawa,vettun,perel
to give,dadati,dadati,dena,dena,dinu,deve,dena,devan,dianu,apavu,dene,dan karap,de,deowa,deba,,denawa,dinun,del
to hold,dharati,dharati,pakarna,pakarna,linu,pakre,pharna,nappan,jhalanu,pakadvu,dharne,pakdap,dhor,dhora,dhoriba,,allanawa,hifehettun,xutyilel
to squeeze,mrdnati,nippileti,dabana,dabana,nicornu,nacore,nacorna,ghuttan,nipuranu,nicovvu,pilne,pilap,sep,cep-,dobeiba,,mirikanawa,fitun,kikidel
to rub,gharsati,ghamsati,malna,malna,ghotnu,male,malna,ragran,mahtanu,ghasvu,ghasne,ghausap,ghoh,ghosa,ghosiba,,atullanawa,ungulhun,morel
to wash,ksalayati,dhopati,dhona,dhona,dhunu,dhove,dhona,dhovan,dhoanu,dhovu,dhune,,dhu,dhowa,dhoiba,,sodanawa,dovun,thovel
to wipe,marsti,majjati,ponchna,ponchna,puchnu,ponche,hunjhna,pujhan,ughanu,luchvu,pusne,phasap,mus,mocha,pochiba,,pisanawa,fohun,khosel
to pull,karsati,khaddati,khincna,khincna,tannu,khince,khiccana,chikkan,chikanu,khencvu,khecne,odap,tan,tana,taniba,,adinawa,demun,cirdel
to push,nudati,nudati,dhakka dena,dhakka dena,dhakelnu,dhakkele,dhakkana,dhakka divan,dhikanu,dhakko marvo,dhakalne,,thel,thela,dhokka deba,,tallu karanawa,koppun,pizdel
to throw,ksipati,khipati,phenkna,phenkna,phalnu,phenke,suttana,sattan,uchlainu,phenkvu,phekne,udovap,dolia,phela,phopadiba,,wisi karanawa,ellun,shudel
to tie,badhnati,bandhati,bandhna,badhna,badhnu,banhe,bannhna,banhan,badhanu,badhvu,bandhne,bandhap,bandho,badha,bandhiba,,gaeta gasanawa,essun,phandel
to sew,sivyati,sibbati,sina,sina,siunu,sive,siuna,sivan,sibanu,sivvu,sivne,siuvap,sila,taka,silai koriba,,mahanawa,fehun,suvel
to count,ganayati,ganeti,ginna,ginna,gannu,gine,ginna,ginan,gananu,ganvu,mojne,ganna karap,gon,gona,goniba,,ganinawa,gunun,ginavel
to say,vakti,vatti,kahna,kahna,bhannu,kahe,akhana,akhan,cavanu,bolvu,bolne,mhanap,ko,bola,kohiba,,kiyanawa,bunun,phenel
to sing,gayati,gayati,gana,gana,gaunu,gave,gauna,gavan,gainu,gavu,gane,gavap,ga,gaowa,gaiba,,gayanawa,lavakiyun,gilyabel
to play,divyati,kilati,khelna,khelna,khelnu,khele,khedna,khedan,khedanu,ramvu,khelne,,khel,khela,kheliba,,sellam karanawa,kulun,khelel
to float,plavate,palavati,tairna,tairna,tairinu,taire,tarna,taran,taranu,tarvu,tarangne,patlavap,upon,bhasa,bhasiba,,pawenawa,oyadiun,urnel
to flow,sarati,dhavati,bahna,bahna,bagnu,bahe,vagna,vahan,vahanu,vahevu,vahne,vhauvap,bo,boha,bohiba,,galanawa,oi demun,shordyol
to freeze,siyate,siyati,jamna,jamna,jamnu,jame,jammna,jam vanjan,jamanu,tharvu,gothne,gothap,phriz kor,joma,jomi jiba,,kaeti karanawa,gandukurun,pahosajvel
to swell,svayati,phati,sujna,sujna,sunninu,suje,sujjana,sujjan,sujanu,suji javu,phugne,vadap,phul,phapa,phuliba,,idimenawa,dulavun,shulyol
sun,surya,suriya,suraj,suraj,gham,suraj,suraj,deh,siju,surya,surya,surya,beli,surjo,surjyo,,iru,iru,kham
moon,masa,canda,cand,cand,jun,can,cann,can,candu,candra,candra,candra,zun,cad,condro,,handa,handu,chon
star,naksatra,taraka,tara,sitara,tara,tara,tara,tara,taro,taro,tara,taro,tora,tara,tara,,taru,tari,cexrain
water,jala,jala,pani,pani,pani,pani,pani,pani,pani,pani,pani,udak,pani,pani,pani,,watura,fen,pani
rain,varsa,vassa,baris,baris,varsa,barkha,mih,mih,mihu,varsad,paus,pavas,boroxun,bristi,borsa,,waessa,vare,brisind
river,nadi,nadi,nadi,nadi,nadi,nadi,nadi,darya,nadi,nadi,nadi,nhaiya,noi,nodi,nodi,,ganga,koaru,len
lake,saras,sara,jhil,jhil,tal,tal,jhil,jhil,dhandha,sarovar,sarovar,tali,bil,hrod,hrodo,,wila,kuli,baro paji
sea,samudra,samudda,samandar,samundar,samundra,samundar,samundar,samandar,samundu,sayar,samudra,darya,xagor,somudro,somudro,,muhudu,kanzu,marja
salt,lavana,lona,namak,namak,nun,nimak,lun,lun,lunu,mithu,mith,mith,nimokh,nun,luno,,lunu,lonu,lon
stone,asman,asama,patthar,patthar,dhunga,patthal,patthar,patthar,patharu,paththar,dagad,phatar,xil,pathor,pothoro,,gala,ga,barr
sand,pamsu,sikata,ret,ret,baluwa,balu,ret,ret,vari,reti,valu,reuva,bali,bali,bali,,waeli,fas,kisaj
dust,renu,renu,dhul,dhul,dhulo,garda,dhur,dhur,miti,dhul,dhul,pitho,dhuli,dhula,dhuli,,pasa,hirafus,praxo
earth,ksam,bhumi,dharti,zamin,dharti,j'miin,zamin,bhui,dharti,dharti,pruthvi,jamin,prithiwi,mati,pruthwi,,bima,bin,phuv
cloud,nabhas,megha,badal,badal,badal,badri,baddal,baddal,kakaru,vadal,dhag,kup,megh,megh,megho,,waeli,vila,noro
fog,mih,mahika,dhundh,dundh,kuiro,dhundh,kohra,dhund,kohiro,dhummas,dhuke,dhuke,kuwoli,kuyasa,kuhuri,,miduma,bodunfini,muglya
sky,akasa,akasa,asman,asman,akas,asman,asaman,asman,asmanu,abha,akas,akas,akax,akas,akaso,,ahasa,udu,cheri
wind,vayu,vata,hava,hava,hawa,hava,hava,hava,vau,hava,vara,vayu,botah,batas,pobono,,sulanga,vai,balval
snow,hima,hima,barf,barf,hiu,brph',baraf,baraf,barfa,baraph,barpha,jhel,boroph,boroph,boropho,,hima,suno,iv
ice,hima,phati,barf,barf,baraph,brph',baraf,baraf,barfa,baraph,barpha,jhel,boroph,boroph,boropho,,himakaeta,gandufen,paho
smoke,dhuma,dhuma,dhua,dhua,dhuwa,dhua,dhua,dhua,duho,dhumado,dhur,dhuuvar,dhua,dhowa,dhua,,duma,dun,thuv
fire,agni,aggi,ag,ag,ago,ag,agga,bhah,bahi,aga,ag,ujo,zui,agun,nia,,gini,alifan,jag
ash,asa,bhasma,rakh,rakh,kharani,rakh,suaha,sua,chai,rakh,rakh,rakh,sai,chai,pauso,,marga,alhu,ushar
to burn,dahati,dahati,jalna,jalna,jalnu,jare,sarna,ballan,baranu,balvu,jalne,jalap,zola,pora,joliba,,puccanawa,endun,phabol
road,patha,patha,sarak,sarak,bato,sarak,sarak,sark,rasto,rasto,rasta,rasto,ali,rasta,soroko,,para,magu,drom
mountain,giri,pabbata,pahar,pahar,pahad,pahar,pahar,rava,jabalu,pahad,dongar,dongar,pahar,pahar,poharo,,kanda,farubada,plaj
red,rakta,lohita,lal,surx,rato,lal,lal,ratta,garho,lal,lal,lal,rona,lal,lalo,,ratu,rat,lolo
green,harit,hari,hara,sabz,hariyo,hariyar,hara,sava,sao,lilo,hirve,pacvau,xeuzia,sobuj,sobujo,,kola,fehikulaige,zeleno
yellow,pita,pita,pila,pila,pahelo,piyar,pila,pila,phiko,pilo,pivle,halduvo,halodhia,holud,holodia,,kaha,rindukula,galbeno
white,sveta,sukka,safed,safed,seto,ujjar,citta,citta,acho,saphed,pandhre,dhavo,boga,sada,dhobolo,,sudu,hudu,parno
black,krsna,kanha,kala,siyah,kalo,kariya,kala,kala,karo,kalo,kale,kalo,kola,kalo,kola,,kalu,kalu,kalo
night,ratri,ratti,rat,rat,rat,rat,rat,rat,rati,rat,ratra,rat,rati,ratri,rati,,rae,regandu,rat
day,dina,diva,din,din,dina,din,din,diha,ihu,divas,divas,dis,din,din,dino,,dawasa,duvas,dives
year,varsa,vassa,sal,sal,varsa,sal,sal,sal,salu,varas,varsa,varsa,bosor,bochor,borso,,awurudda,aharu,bers
warm,tapta,ghamma,garm,garm,nyano,garam,garam,tatta,koso,garam,garam,garam,topot,gorom,goromo,,unusum,hunu,tato
cold,sita,sita,thanda,sard,thanda,thanda,thanda,thadha,thadho,thandu,gar,thanda,sesa,thanda,thonda,,sisil,fini,sudro
full,purna,punna,pura,pura,bhari,pura,pura,pura,bharyal,bharelu,sampurna,puray,bhora,bhora,purnno,,pura,furifai,pherdo
new,nava,nava,naya,naya,naya,naya,nava,nava,nao,navu,nave,nave,notun,notun,nua,,alut,a,nevo
old,jirna,vuddha,purana,purana,purano,puran,purana,buddha,purano,junu,june,puratan,purona,purano,puruna,,parana,ba,purano
good,vasu,bhaddaka,accha,accha,ramro,barhiya,canga,canga,sutho,saru,cangle,bare,bhal,bhalo,bholo,,honda,rangalu,lacho
bad,papa,papa,bura,bura,naramro,kh'raab,bura,ganda,xarabu,kharab,vait,kusille,bea,kharap,khorapo,,naraka,nubai,nasul
rotten,puti,putika,sara,bosidah,kuieko,saral,saria,galel hoya,garyal,sadelu,kujke,kusil,gela,poca,poca,,puti,fi,kerno
dirty,malina,malina,ganda,ganda,mailo,ganda,ganda,ganda,mero,gandu,ghan,mhele,letera,moyla,osona,,apirisidu,hadivefaiva,melalo
straight,rju,ujju,sidha,sidha,sidha,sidha,siddha,siddha,sidho,sidhu,saral,saral,pun,soja,sidha,,kelin,sida,vorta
round,vrtta,gula,gol,gol,golo,gol,gol,gol,golu,gol,gol,golakar,gul,gol,golo,,wataya,vas,oblo
sharp ,tiksna,tikkha,tikha,tikha,tikho,tej',tez,tikkha,tikho,dhardar,tiksna,tikhat,suka,cokkha,tiksno,,tiyunu,tunu,kucime
dull ,kuntha,kuntha,kund,kund,bodho,bhothar,khundha,kaudan,muo,buththu,bothat,,bhuta,bhota,onthora,,mota,kosi,bikucime
smooth,slaksna,sanha,cikna,hamvar,samma,cikan,kula,barabar,laso,lisu,gulgulit,laghvi,mihi,mosrin,cikkono,,sinindu,oman,samtalo
wet,ardra,adda,gila,gila,gilo,bhinjal,bhijja,sinna,alo,bhinu,ole,ole,tita,bheja,oda,,tet,tet,kindyilo
dry,suska,sukkha,sukha,xusk,sukkha,sukhal,sukka,sukka,sukal,suku,korde,suke,xukan,sukona,sukhila,,wiyali,dahan'gu,shuko
correct,suddha,utu,sahi,thik,sahi,sahi,sahi,darust,sahi,sacu,barobar,sat,xuddho,thik,thiko,,niwaeradi,rangalu,uchito
near,neda,antika,pas,pas,najik,niyare,kol,nere,vejho,najik,javal,samip,usor,kache,nikoto,,asala,kairi,pashe
far,dura,dura,dur,dur,tadha,dur,dur,pare,pare,dur,dur,paysille,dur,dur,duro,,dura,duru,dur
right,daksina,dakhina,daya,daya,dahine,daya,sajja,sajja,sajo,jamnu,ujve,ujvo,xu,dan,dahano,,dakunu,kanai,chacho
left,savya,vama,baya,baya,bahine,baya,khabba,khabba,khabo,dabu,dave,davo,bau,ba,ba,,wama,vaatu,stungo
at,locative case,locative case,pe,pe,ma,par,utte,ute,te,e,locative and dative cases,cer,-t,-e,re,,locative case,gai-,kaj
in,locative case,antara,me,me,ma,me,vicca,ic,me,andar,madhye,bhitar,-t,-e,bhitore,,tula,zerey gay,anth-
with,saha,saha,ke sath,ke sath,sanga,ke sathe,nal,nal,sa,sathe,barobar,lagi,,-ro sathe,sange,,samaga,ekuga,-ca
and,ca,ca,aur,aur,ra,aur,ate,ate,ai,ane,ani,ani,aru,ar,au,,ha,ai,thaj
if,yadi,yadi,agar,agar,yadi,agar,je,je,jekaahin,jo,jar,jar,zodi,jodi,jodi,,nam,nama,te
because,hi,yavata,kyonki,kyunki,kinabhane,kaheki,kiunki,kiujo,chalai,karanke,karan ,lagun,karon,karon,karono,,nisa,ehenve,ke
name,naman,nama,nam,nam,nam,nav,na,na,nalo,nam,nav,nauva,nam,nam,namo,,nama,nan,anav
